Beach_ID,Beach_Name,Latitude,Longitude,Sunrise,Sunset,Weather_Description,Temperature,Water_Temperature,Cloud_Cover,Wind_Speed,Wave_Height
0,Imperial Beach,32.57583119,-117.1265769,07:07 AM,05:57 PM,Patchy rain possible,62,67,73,12,3.0
1,Border Field State Park,32.54494004,-117.1223413,07:07 AM,05:57 PM,Patchy rain possible,62,67,70,12,3.0
2,Pelican State Beach,41.992395,-124.209664,07:52 AM,06:09 PM,Light rain shower,48,52,100,4,10.5
3,Crescent Beach,41.72836258,-124.1531784,07:51 AM,06:10 PM,Light rain shower,46,51,100,6,7.9
4,Redwood National Park,41.20897003,-124.1190559,07:49 AM,06:11 PM,Patchy rain possible,47,52,86,7,9.5
5,Prairie Creek Redwoods State Beach,41.40174089,-124.0416494,07:49 AM,06:11 PM,Patchy rain possible,47,52,86,7,9.5
6,Humboldt Lagoons State Park,41.22522304,-124.0980863,07:49 AM,06:11 PM,Patchy rain possible,47,52,86,7,9.5
7,Sue-meg State Park,41.13665293,-124.155297,07:49 AM,06:11 PM,Patchy rain possible,47,52,86,7,9.5
8,Trinidad State Beach,41.06582175,-124.1497893,07:49 AM,06:11 PM,Patchy rain possible,47,52,86,7,9.5
9,Little River State Beach,41.01688007,-124.1117529,07:49 AM,06:11 PM,Patchy rain possible,47,52,86,7,9.5
10,Clam Beach County Park,40.99847401,-124.1151808,07:49 AM,06:11 PM,Patchy rain possible,47,52,86,7,9.5
11,Sinkyone Wilderness State Park,39.92043479,-123.9397125,07:47 AM,06:12 PM,Patchy rain possible,49,53,84,8,8.2
12,Westport-Union Landing State Beach,39.67716307,-123.7912683,07:45 AM,06:12 PM,Partly cloudy,46,52,40,5,6.9
13,MacKerricher State Park,39.4886489,-123.7881132,07:45 AM,06:12 PM,Partly cloudy,47,52,26,6,7.9
14,Caspar Headlands State Beach,39.3627382,-123.8172252,07:45 AM,06:12 PM,Partly cloudy,47,52,26,6,7.9
15,Russian Gulch State Park,39.33310956,-123.8058978,07:45 AM,06:12 PM,Partly cloudy,47,52,26,6,7.9
16,Manchester State Park,38.98385949,-123.6993187,07:44 AM,06:13 PM,Partly cloudy,48,49,33,4,8.2
17,Schooner Gulch State Beach,38.86821949,-123.6547063,07:44 AM,06:13 PM,Patchy rain possible,48,49,80,4,8.2
18,Glass Beach,39.45277476,-123.8133215,07:45 AM,06:12 PM,Partly cloudy,47,52,26,6,7.9
19,Gualala Point Regional Park,38.76076189,-123.526723,07:44 AM,06:13 PM,Patchy rain possible,48,49,80,4,8.2
20,Kruse Rhododendron State Reserve,38.59299403,-123.3311264,07:42 AM,06:12 PM,Partly cloudy,48,51,16,0,7.5
21,Salt Point State Park,38.57666921,-123.3317278,07:42 AM,06:12 PM,Partly cloudy,48,51,16,0,7.5
22,Stillwater Cove Regional Park,38.54852987,-123.2943892,07:41 AM,06:12 PM,Partly cloudy,46,52,19,1,4.9
23,Clam Beach,40.99536694,-124.1109588,07:49 AM,06:11 PM,Patchy rain possible,47,52,86,7,9.5
24,Fort Ross State Historic Park,38.51617729,-123.2460254,07:41 AM,06:12 PM,Partly cloudy,46,52,19,1,4.9
25,Goat Rock Beach,38.44711794,-123.1265214,07:40 AM,06:11 PM,Partly cloudy,49,52,13,2,4.9
26,Blind Beach,38.43699972,-123.1223772,07:40 AM,06:11 PM,Partly cloudy,49,52,13,2,4.9
27,Shell Beach,38.50306292,-123.1417195,07:41 AM,06:12 PM,Partly cloudy,46,52,19,1,4.9
28,Wrights Beach,38.40033248,-123.0969266,07:40 AM,06:11 PM,Partly cloudy,49,52,13,2,4.9
29,Gleason Beach,38.39010789,-123.0857298,07:40 AM,06:11 PM,Partly cloudy,49,52,13,2,4.9
30,Schoolhouse Beach,38.37626954,-123.0786946,07:40 AM,06:11 PM,Partly cloudy,49,52,13,2,4.9
31,Carmet Beach,38.37254912,-123.0762862,07:40 AM,06:11 PM,Partly cloudy,49,52,13,2,4.9
32,Arched Rock Beach,38.36725878,-123.0726081,07:40 AM,06:11 PM,Partly cloudy,49,52,13,2,4.9
33,Coleman Beach,38.36596694,-123.0714996,07:40 AM,06:11 PM,Partly cloudy,49,52,13,2,4.9
34,Miwok Beach,38.36111029,-123.0691915,07:40 AM,06:11 PM,Partly cloudy,49,52,13,2,4.9
35,North Salmon Creek Beach,38.35991175,-123.0687585,07:40 AM,06:11 PM,Partly cloudy,49,52,13,2,4.9
36,South Salmon Creek Beach,38.33989879,-123.0684011,07:40 AM,06:11 PM,Partly cloudy,49,52,13,2,4.9
37,Sonoma Coast State Beach,38.42730398,-123.0997142,07:40 AM,06:11 PM,Partly cloudy,49,52,13,2,4.9
38,Doran Beach,38.31450636,-123.0443867,07:40 AM,06:11 PM,Partly cloudy,51,49,12,4,5.9
39,Doran Regional Park,38.31405857,-123.0487846,07:40 AM,06:11 PM,Partly cloudy,51,49,12,4,5.9
40,Tomales Bay State Park,38.12344382,-122.9013544,07:39 AM,06:11 PM,Partly cloudy,53,50,12,9,6.9
41,Point Reyes National Seashore,38.05334833,-122.8686076,07:39 AM,06:11 PM,Partly cloudy,53,50,12,9,6.9
42,Mount Tamalpais State Park,37.88916572,-122.6108739,07:37 AM,06:10 PM,Patchy rain possible,53,51,85,9,3.9
43,Stinson Beach Park,37.89914093,-122.6457161,07:38 AM,06:10 PM,Partly cloudy,53,51,13,9,3.9
44,Golden Gate National Recreation Area,37.83175951,-122.5385814,07:37 AM,06:10 PM,Partly cloudy,53,51,13,9,3.9
45,Dillon beach,38.25058272,-122.9669146,07:40 AM,06:11 PM,Partly cloudy,51,49,12,4,5.9
46,Muir Beach,37.86144576,-122.5794152,07:37 AM,06:10 PM,Patchy rain possible,53,51,85,9,3.9
47,Miller/Knox Beach,37.91654106,-122.3849756,07:37 AM,06:09 PM,Patchy rain possible,53,51,78,9,3.9
48,Albany Beach,37.889028,-122.317164,07:36 AM,06:09 PM,Partly cloudy,53,51,13,9,3.9
49,Radio Beach,37.82500399,-122.3177221,07:36 AM,06:09 PM,Patchy rain possible,53,51,82,9,3.9
50,Crown Memorial State Beach,37.76638543,-122.2719476,07:36 AM,06:09 PM,Patchy rain possible,52,55,86,6,5.9
51,Aquatic Park,37.85749931,-122.3006492,07:36 AM,06:09 PM,Partly cloudy,53,51,13,9,3.9
52,East Beach,37.90697664,-122.4472461,07:37 AM,06:10 PM,Patchy rain possible,53,51,89,9,3.9
53,Marshall's Beach,37.80212595,-122.4800495,07:37 AM,06:10 PM,Partly cloudy,53,51,13,9,3.9
54,Baker Beach,37.79389403,-122.4837904,07:37 AM,06:10 PM,Partly cloudy,53,51,13,9,3.9
55,China Beach,37.82800894,-122.5124907,07:37 AM,06:10 PM,Partly cloudy,53,51,13,9,3.9
56,Lands End Beach,37.78765857,-122.5061247,07:37 AM,06:10 PM,Patchy rain possible,53,51,81,9,3.9
57,Ocean Beach,37.88181079,-122.534132,07:37 AM,06:10 PM,Partly cloudy,53,51,13,9,3.9
58,Fort Funston Beach,37.71968785,-122.5028803,07:37 AM,06:10 PM,Patchy rain possible,53,51,77,9,3.9
59,Thornton Beach State Park,37.69895078,-122.4966631,07:37 AM,06:10 PM,Patchy rain possible,53,51,77,9,3.9
60,Palisades Park,34.02321351,-118.5095999,07:15 AM,06:00 PM,Overcast,60,66,100,6,1.3
61,Northridge Park,34.04688979,-118.6136107,07:15 AM,06:00 PM,Overcast,60,66,100,6,1.3
62,Mussel Rock Park,37.66864578,-122.4949438,07:37 AM,06:10 PM,Patchy rain possible,53,51,77,9,3.9
63,Long View Park,33.4809628,-117.7246712,07:11 AM,05:58 PM,Partly cloudy,61,67,45,8,2.0
64,Beach State Park,33.45460429,-117.6692246,07:11 AM,05:58 PM,Partly cloudy,61,67,45,8,2.0
65,Rockaway Beach,40.58727455,-73.82006442,07:28 AM,05:50 PM,Clear,59,57,0,5,2.0
66,Tunitas Creek Beach,37.35550969,-122.3999619,07:36 AM,06:10 PM,Partly cloudy,52,55,20,6,5.9
67,Gray Whale Cove State Beach,37.56465031,-122.514044,07:36 AM,06:10 PM,Partly cloudy,52,55,20,6,5.9
68,Montara State Beach,37.54661402,-122.5149052,07:36 AM,06:10 PM,Partly cloudy,52,55,20,6,5.9
69,El Granada Beach,37.5005241,-122.4706817,07:36 AM,06:10 PM,Partly cloudy,52,55,20,6,5.9
70,Vallejo Beach,37.49660111,-122.4650877,07:36 AM,06:10 PM,Partly cloudy,52,55,20,6,5.9
71,Miramar Beach,30.37588036,-86.36451333,07:01 AM,05:56 PM,Partly cloudy,69,73,3,14,0.7
72,Half Moon Bay State Beach,37.47766417,-122.4500385,07:36 AM,06:10 PM,Partly cloudy,52,55,20,6,5.9
73,Roosevelt Beach,37.48808914,-122.4566241,07:36 AM,06:10 PM,Partly cloudy,52,55,20,6,5.9
74,Dunes Beach,37.48509246,-122.4539204,07:36 AM,06:10 PM,Partly cloudy,52,55,20,6,5.9
75,Venice Beach,37.47654446,-122.4489851,07:36 AM,06:10 PM,Partly cloudy,52,55,20,6,5.9
76,Francis Beach,37.46564519,-122.4467106,07:36 AM,06:10 PM,Partly cloudy,52,55,20,6,5.9
77,Redondo State Beach,37.44070715,-122.4437066,07:36 AM,06:10 PM,Partly cloudy,52,55,20,6,5.9
78,Pelican Point Beach,37.42830898,-122.4397991,07:36 AM,06:10 PM,Partly cloudy,52,55,20,6,5.9
79,Cowell Ranch Beach,37.42101853,-122.4351767,07:36 AM,06:10 PM,Partly cloudy,52,55,20,6,5.9
80,Martins Beach,37.37371681,-122.4085306,07:36 AM,06:10 PM,Partly cloudy,52,55,20,6,5.9
81,San Gregorio Private Beach,37.3365993,-122.4013304,07:36 AM,06:10 PM,Partly cloudy,52,55,20,6,5.9
82,San Gregorio State Beach,37.32390506,-122.402532,07:36 AM,06:10 PM,Partly cloudy,52,55,20,6,5.9
83,Pomponio State Beach,37.29312103,-122.4069395,07:35 AM,06:10 PM,Patchy rain possible,52,56,72,5,6.9
84,Pescadero State Beach,37.26296837,-122.4136772,07:35 AM,06:10 PM,Patchy rain possible,52,56,88,5,6.9
85,Pebble Beach,36.57242701,-121.9477807,07:33 AM,06:09 PM,Partly cloudy,54,52,23,2,7.9
86,Bean Hollow State Beach,37.22636846,-122.409955,07:35 AM,06:10 PM,Patchy rain possible,52,56,88,5,6.9
87,Pigeon Point Beach,37.18281646,-122.3849497,07:35 AM,06:10 PM,Patchy rain possible,52,56,88,5,6.9
88,Año Nuevo State Park,37.11362641,-122.3299457,07:35 AM,06:10 PM,Patchy rain possible,52,56,72,5,6.9
89,Gazos Creek State Beach,37.1683354,-122.3626122,07:35 AM,06:10 PM,Patchy rain possible,52,56,88,5,6.9
90,Scaroni Road beach,36.97819903,-122.1371627,07:34 AM,06:10 PM,Patchy rain possible,52,56,76,2,5.6
91,Natural Bridges State Beach,36.95043481,-122.0573468,07:34 AM,06:09 PM,Patchy rain possible,52,56,74,2,5.6
92,Lighthouse Field State Beach,36.95189034,-122.0285827,07:34 AM,06:09 PM,Patchy rain possible,52,56,74,2,5.6
93,Santa Cruz Beach,36.96440579,-122.0177257,07:34 AM,06:09 PM,Patchy rain possible,52,56,74,2,5.6
94,Capitola State Beach,36.97124,-121.951902,07:34 AM,06:09 PM,Patchy rain possible,52,56,74,2,5.6
95,Seacliff State Beach,36.97197984,-121.91399,07:33 AM,06:09 PM,Partly cloudy,51,55,11,2,3.9
96,Manresa State Beach,36.93232569,-121.862878,07:33 AM,06:09 PM,Partly cloudy,51,55,11,2,3.9
97,New Brighton State Beach,36.97873139,-121.9383879,07:34 AM,06:09 PM,Patchy rain possible,52,56,74,2,5.6
98,Sunset State Beach,36.88700143,-121.8326324,07:33 AM,06:09 PM,Partly cloudy,51,55,11,2,3.9
99,Asilomar State Beach,36.61826712,-121.9419008,07:33 AM,06:10 PM,Partly cloudy,54,52,23,2,7.9
100,Carmel River State Beach,36.53817954,-121.9290057,07:33 AM,06:10 PM,Partly cloudy,54,52,23,2,7.9
101,John Little State Reserve,36.11949528,-121.6316069,07:31 AM,06:11 PM,Partly cloudy,56,53,26,9,8.5
102,Julia Pfeiffer Burns State Park,36.16594936,-121.6801454,07:33 AM,06:10 PM,Partly cloudy,54,52,23,2,7.9
103,Marina State Beach,36.69649793,-121.8094498,07:33 AM,06:09 PM,Partly cloudy,51,55,11,2,3.9
104,Monterey State Beach,36.61250151,-121.8580798,07:33 AM,06:09 PM,Patchy rain possible,54,52,82,2,7.9
105,Moss Landing State Beach,36.81540267,-121.7915881,07:32 AM,06:09 PM,Partly cloudy,51,55,11,2,3.9
106,Point Lobos State Reserve,36.5165681,-121.9388299,07:33 AM,06:10 PM,Partly cloudy,54,52,23,2,7.9
107,Point Sur Lightstation State Historic Park,36.309028,-121.8954479,07:33 AM,06:10 PM,Partly cloudy,54,52,23,2,7.9
108,Salinas River State Beach,36.7754768,-121.7952683,07:32 AM,06:09 PM,Partly cloudy,51,55,11,2,3.9
109,Sand Dollar Beach,35.92314004,-121.4685117,07:28 AM,06:08 PM,Partly cloudy,52,56,18,7,5.9
110,Zmudowski State Beach,36.84292083,-121.805257,07:32 AM,06:09 PM,Partly cloudy,51,55,11,2,3.9
111,William Randolph Hearst Memorial State Beach,35.64417168,-121.1880653,07:28 AM,06:08 PM,Partly cloudy,52,56,18,7,5.9
112,Estero Bluffs State Park,35.44920684,-120.9181629,07:26 AM,06:07 PM,Cloudy,53,52,78,7,5.9
113,Cayucos State Beach,35.44857182,-120.9059346,07:26 AM,06:07 PM,Cloudy,53,52,78,7,5.9
114,Morro Strand State Beach,35.39210458,-120.8668416,07:26 AM,06:07 PM,Cloudy,53,52,78,7,5.9
115,Morro Rock Beach,35.37284552,-120.865919,07:26 AM,06:07 PM,Cloudy,53,52,78,7,5.9
116,Morro Bay State Park,35.34330579,-120.8430451,07:26 AM,06:07 PM,Cloudy,53,52,78,7,5.9
117,Montaña de Oro State Park,35.26925951,-120.8941898,07:27 AM,06:08 PM,Cloudy,53,52,78,7,5.9
118,Ávila Beach,35.18010746,-120.7316191,07:26 AM,06:07 PM,Partly cloudy,53,52,58,9,5.6
119,Pismo State Beach,35.14570355,-120.6417563,07:25 AM,06:07 PM,Partly cloudy,54,53,48,10,5.2
120,Rancho Guadalupe Dunes County Park,34.96514896,-120.6515443,07:25 AM,06:07 PM,Partly cloudy,54,53,48,10,5.2
121,Point Sal State Beach,34.90204849,-120.6548958,07:25 AM,06:07 PM,Partly cloudy,54,53,48,10,5.2
122,Surf Beach,34.68424954,-120.6064212,07:24 AM,06:08 PM,Cloudy,55,54,75,16,5.9
123,Jalama Beach County Park,34.51081204,-120.5018918,07:24 AM,06:08 PM,Cloudy,55,54,75,16,5.9
124,Jack and Laura Dangermond Preserve,34.54432267,-120.4129323,07:22 AM,06:06 PM,Overcast,55,60,94,18,2.6
125,Hollister Ranch,34.4704015,-120.2347654,07:22 AM,06:06 PM,Overcast,55,60,94,18,2.6
126,Gaviota State Park,34.47353149,-120.2296213,07:22 AM,06:06 PM,Overcast,55,60,94,18,2.6
127,Refugio State Beach,34.46328972,-120.0701569,07:22 AM,06:06 PM,Overcast,55,60,94,18,2.6
128,El Capitán State Beach,34.46061439,-120.0248308,07:21 AM,06:05 PM,Overcast,54,61,99,16,2.0
129,Santa Barbara Shores County Park,34.42241824,-119.8961652,07:21 AM,06:05 PM,Overcast,54,61,99,16,2.0
130,Goleta Beach Park,34.41681648,-119.8324352,07:21 AM,06:05 PM,Overcast,54,61,99,16,2.0
131,Arroyo Burro Beach,34.4026134,-119.7430753,07:20 AM,06:04 PM,Overcast,55,63,97,11,1.0
132,Leadbetter Beach,34.40248784,-119.699369,07:20 AM,06:04 PM,Overcast,55,63,97,11,1.0
133,West Beach,34.40535704,-119.6973811,07:20 AM,06:04 PM,Overcast,55,63,97,11,1.0
134,East Beach,34.41634896,-119.6804242,07:20 AM,06:04 PM,Overcast,55,63,97,11,1.0
135,Butterfly Beach,34.4177324,-119.6494454,07:20 AM,06:04 PM,Overcast,55,63,97,11,1.0
136,Lookout County Park,34.42038268,-119.6024139,07:20 AM,06:04 PM,Overcast,55,63,97,11,1.0
137,Carpinteria State Beach,34.39281987,-119.5240894,07:19 AM,06:04 PM,Overcast,55,63,97,11,1.0
138,Rincon Beach Park,34.3801909,-119.4831245,07:19 AM,06:04 PM,Overcast,55,63,97,11,1.0
139,Emma Wood State Beach,34.29332738,-119.3400669,07:18 AM,06:03 PM,Overcast,60,64,98,16,1.6
140,San Buenaventura State Beach,34.26991871,-119.2768745,07:18 AM,06:03 PM,Overcast,60,64,98,16,1.6
141,McGrath State Beach,34.2210903,-119.259957,07:18 AM,06:03 PM,Overcast,60,64,98,16,1.6
142,Mandalay State Beach,34.18131648,-119.2390512,07:18 AM,06:03 PM,Overcast,60,64,98,16,1.6
143,Oxnard Beach Park,34.17672826,-119.2371455,07:18 AM,06:03 PM,Overcast,60,64,98,16,1.6
144,Channel Islands Beach,34.15849146,-119.2247756,07:18 AM,06:03 PM,Overcast,60,64,98,16,1.6
145,Silver Strand Beach,34.1582759,-119.2259773,07:18 AM,06:03 PM,Overcast,60,64,98,16,1.6
146,Port Hueneme Beach Park,34.14254714,-119.1960592,07:18 AM,06:03 PM,Cloudy,60,65,65,26,2.0
147,Point Mugu State Park,34.09480328,-119.0635493,07:17 AM,06:02 PM,Cloudy,60,65,65,26,2.0
148,County Line Beach,34.051417,-118.9601453,07:17 AM,06:02 PM,Cloudy,60,65,65,26,2.0
149,Leo Carrillo State Park,34.04417165,-118.9353832,07:17 AM,06:02 PM,Cloudy,60,65,65,26,2.0
150,Robert Meyer Memorial State Beach,34.03869785,-118.8758222,07:17 AM,06:02 PM,Cloudy,60,65,65,26,2.0
151,El Pescador State Beach,34.04055637,-118.8920206,07:17 AM,06:02 PM,Cloudy,60,65,65,26,2.0
152,La Piedra State Beach,34.03985483,-118.8874178,07:17 AM,06:02 PM,Cloudy,60,65,65,26,2.0
153,El Matador State Beach,34.03820261,-118.8747166,07:17 AM,06:02 PM,Cloudy,60,65,65,26,2.0
154,Lechuza Beach,34.03610607,-118.8662851,07:17 AM,06:02 PM,Cloudy,60,65,65,26,2.0
155,Broad Beach,34.0378004,-118.8678132,07:17 AM,06:02 PM,Cloudy,60,65,65,26,2.0
156,Zuma Beach County Park,34.02190008,-118.8306025,07:17 AM,06:02 PM,Cloudy,60,65,65,26,2.0
157,Point Dume State Beach,34.01137544,-118.8169822,07:17 AM,06:02 PM,Cloudy,60,65,65,26,2.0
158,Malibu Lagoon State Beach,34.03397257,-118.6803286,07:15 AM,06:00 PM,Overcast,60,66,100,6,1.3
159,Topanga State Beach,34.07308175,-118.5913072,07:15 AM,06:00 PM,Overcast,60,66,100,6,1.3
160,Will Rogers State Beach,34.03695749,-118.5375772,07:15 AM,06:00 PM,Overcast,60,66,100,6,1.3
161,Santa Monica State Beach,34.01453645,-118.5023759,07:15 AM,06:00 PM,Overcast,60,66,100,6,1.3
162,Venice City Beach,33.97918361,-118.469256,07:15 AM,06:00 PM,Overcast,60,66,100,6,1.3
163,Playa Del Rey,33.953557,-118.4489999,07:15 AM,06:00 PM,Overcast,60,66,100,6,1.3
164,Dockweiler State Beach,33.93020159,-118.4361253,07:14 AM,06:00 PM,Cloudy,62,66,80,12,2.3
165,El Porto Beach,33.90327605,-118.4218,07:14 AM,06:00 PM,Cloudy,62,66,80,12,2.3
166,Manhattan Beach County Park,33.90186877,-118.4213709,07:14 AM,06:00 PM,Cloudy,62,66,80,12,2.3
167,Hermosa City Beach,33.86262759,-118.4029938,07:14 AM,06:00 PM,Cloudy,62,66,80,12,2.3
168,Redondo Beach State Park,33.8702527,-118.4056974,07:14 AM,06:00 PM,Cloudy,62,66,80,12,2.3
169,RAT Beach,33.80419646,-118.3947961,07:14 AM,06:00 PM,Cloudy,62,66,80,12,2.3
170,Torrance County Beach,33.81375651,-118.3917316,07:14 AM,06:00 PM,Cloudy,62,66,80,12,2.3
171,Royal Palms State Beach,33.72059658,-118.3280213,07:13 AM,06:00 PM,Cloudy,62,66,80,12,2.3
172,Cabrillo Beach Park,33.71624105,-118.3182366,07:13 AM,06:00 PM,Cloudy,62,66,80,12,2.3
173,Los Alamitos Bay (Long Beach),33.74966979,-118.1154674,07:13 AM,05:59 PM,Overcast,62,67,92,12,2.6
174,Mother's Beach (Long Beach),33.75832864,-118.1198392,07:13 AM,05:59 PM,Overcast,62,67,92,12,2.6
175,Seal Beach,33.73288587,-118.0944039,07:13 AM,05:59 PM,Overcast,62,67,91,9,2.3
176,Surfside Beach,28.95797697,-95.27664486,07:36 AM,06:34 PM,Patchy rain possible,74,69,73,16,3.0
177,Sunset Beach,33.87633524,-78.49002885,07:35 AM,06:19 PM,Partly cloudy,62,65,5,16,2.6
178,Bolsa Chica State Beach,33.69949298,-118.0506696,07:13 AM,05:59 PM,Overcast,62,67,91,9,2.3
179,Huntington City Beach,33.6556063,-118.0027792,07:13 AM,05:59 PM,Overcast,62,67,91,9,2.3
180,Huntington State Beach,33.63838381,-117.9741486,07:12 AM,05:58 PM,Patchy rain possible,62,67,91,9,2.3
181,Santa Ana River County Beach,33.62579683,-117.9515567,07:12 AM,05:58 PM,Patchy rain possible,62,67,91,9,2.3
182,Newport Municipal Beach,33.60645254,-117.9260873,07:12 AM,05:58 PM,Patchy rain possible,62,67,91,9,2.3
183,Balboa Beach,33.60304736,-117.9113882,07:12 AM,05:58 PM,Patchy rain possible,62,67,91,9,2.3
184,West Jetty View Park,33.595343,-117.8830937,07:12 AM,05:58 PM,Patchy rain possible,62,67,91,9,2.3
185,Bayside Drive County Beach,33.60680874,-117.8844751,07:12 AM,05:58 PM,Patchy rain possible,62,67,91,9,2.3
186,China Cove Beach,33.59829167,-117.880188,07:12 AM,05:58 PM,Patchy rain possible,62,67,91,9,2.3
187,Rocky Point,31.3232581,-113.5529865,06:51 AM,05:45 PM,Partly cloudy,73,76,27,15,3.6
188,Corona del Mar State Beach,33.59308086,-117.8765156,07:12 AM,05:58 PM,Patchy rain possible,62,67,91,9,2.3
189,Little Corona del Mar Beach,33.59007934,-117.8689934,07:12 AM,05:58 PM,Patchy rain possible,62,67,91,9,2.3
190,Crystal Cove State Park,33.57566596,-117.8412706,07:12 AM,05:58 PM,Patchy rain possible,62,67,91,9,2.3
191,Crescent Bay Point Park,33.54707317,-117.8038219,07:12 AM,05:58 PM,Patchy rain possible,62,67,91,9,2.3
192,Shaw's Cove,33.54560671,-117.7982644,07:12 AM,05:58 PM,Patchy rain possible,62,67,91,9,2.3
193,Diver's Cove,33.54480194,-117.7945844,07:12 AM,05:58 PM,Patchy rain possible,62,67,91,9,2.3
194,Rockpile Beach,33.543094,-117.7896491,07:12 AM,05:58 PM,Patchy rain possible,62,67,91,9,2.3
195,Picnic Beach,33.54364841,-117.7927497,07:12 AM,05:58 PM,Patchy rain possible,62,67,91,9,2.3
196,Main Beach,33.54256641,-117.7869133,07:12 AM,05:58 PM,Patchy rain possible,62,67,91,9,2.3
197,Brooks Beach,33.53275705,-117.7771038,07:11 AM,05:58 PM,Partly cloudy,61,67,45,8,2.0
198,Victoria Beach,33.51689843,-117.7611228,07:11 AM,05:58 PM,Partly cloudy,61,67,45,8,2.0
199,Laguna Beach,33.54263769,-117.7870208,07:12 AM,05:58 PM,Patchy rain possible,62,67,91,9,2.3
200,Aliso Creek County Beach,33.51038632,-117.7525398,07:11 AM,05:58 PM,Partly cloudy,61,67,45,8,2.0
201,West Street Beach,33.50595903,-117.7486526,07:11 AM,05:58 PM,Partly cloudy,61,67,45,8,2.0
202,"1,000 Steps Beach",33.4985416,-117.7414247,07:11 AM,05:58 PM,Partly cloudy,61,67,45,8,2.0
203,Salt Creek County Beach,33.47769283,-117.7226023,07:11 AM,05:58 PM,Partly cloudy,61,67,45,8,2.0
204,Doheny State Beach,33.46287214,-117.6873259,07:11 AM,05:58 PM,Partly cloudy,61,67,45,8,2.0
205,Capistrano Beach,33.45614113,-117.6676277,07:11 AM,05:58 PM,Partly cloudy,61,67,45,8,2.0
206,Poche Beach,33.44156743,-117.64617,07:10 AM,05:58 PM,Partly cloudy,61,67,45,8,2.0
207,San Clemente City Beach,33.42782296,-117.6280388,07:10 AM,05:58 PM,Partly cloudy,61,67,45,8,2.0
208,San Clemente State Beach,33.40365884,-117.6048362,07:10 AM,05:58 PM,Partly cloudy,61,67,45,8,2.0
209,San Onofre State Beach,33.37388206,-117.5662879,07:10 AM,05:58 PM,Partly cloudy,61,67,45,8,2.0
210,"Del Mar Beach, Camp Pendleton",33.22066881,-117.4072513,07:09 AM,05:57 PM,Patchy rain possible,62,68,70,11,2.6
211,Harbor Beach,33.20826708,-117.3992667,07:09 AM,05:57 PM,Patchy rain possible,62,68,70,11,2.6
212,Oceanside City Beach,33.19538512,-117.3857032,07:09 AM,05:57 PM,Patchy rain possible,62,68,70,11,2.6
213,"Buccaneer Beach, Oceanside",33.17851501,-117.3703371,07:09 AM,05:57 PM,Patchy rain possible,62,68,70,11,2.6
214,South Oceanside Beach (Cassidy Street),33.17311454,-117.3655589,07:09 AM,05:57 PM,Patchy rain possible,62,68,70,11,2.6
215,Saint Malo Beach,33.16615726,-117.360099,07:09 AM,05:57 PM,Patchy rain possible,62,68,70,11,2.6
216,Carlsbad City Beach,33.15757212,-117.3532021,07:09 AM,05:57 PM,Patchy rain possible,62,68,70,11,2.6
217,Terra Mar Point,33.12822917,-117.3335735,07:09 AM,05:57 PM,Patchy rain possible,62,68,70,11,2.6
218,Carlsbad State Beach,33.15031883,-117.3487623,07:09 AM,05:57 PM,Patchy rain possible,62,68,70,11,2.6
219,South Carlsbad State Beach,33.10359124,-117.3199447,07:09 AM,05:57 PM,Overcast,63,68,100,15,2.6
220,Ponto Beach,33.10747125,-117.3218329,07:09 AM,05:57 PM,Overcast,63,68,100,15,2.6
221,Grandview,33.07705649,-117.3110183,07:09 AM,05:57 PM,Overcast,63,68,100,15,2.6
222,Beacon's Beach,33.07691959,-117.3099082,07:09 AM,05:57 PM,Overcast,63,68,100,15,2.6
223,Stone Steps Beach,33.05364974,-117.3011103,07:09 AM,05:57 PM,Overcast,63,68,100,15,2.6
224,Moonlight Beach,33.0493509,-117.298868,07:09 AM,05:57 PM,Overcast,63,68,100,15,2.6
225,D Street Viewpoint,33.04570416,-117.2974281,07:09 AM,05:57 PM,Overcast,63,68,100,15,2.6
226,Boneyard Beach,33.04566009,-117.2974694,07:09 AM,05:57 PM,Overcast,63,68,100,15,2.6
227,Swamis,33.03502813,-117.2929205,07:09 AM,05:57 PM,Overcast,63,68,100,15,2.6
228,San Elijo State Beach,33.02257902,-117.2842516,07:09 AM,05:57 PM,Overcast,63,68,100,15,2.6
229,Cardiff State Beach,33.01050606,-117.27963,07:09 AM,05:57 PM,Overcast,63,68,100,15,2.6
230,Tide Beach Park,32.99686572,-117.2764543,07:09 AM,05:57 PM,Overcast,63,68,100,15,2.6
231,Fletcher Cove Park,32.99089067,-117.2752956,07:09 AM,05:57 PM,Overcast,63,68,100,15,2.6
232,Seascape Surf,32.98567586,-117.2729118,07:09 AM,05:57 PM,Overcast,63,68,100,15,2.6
233,Del Mar City Beach,32.97695929,-117.269502,07:09 AM,05:57 PM,Overcast,63,68,100,15,2.6
234,Torrey Pines State Beach,32.93778126,-117.2617343,07:08 AM,05:57 PM,Patchy rain possible,62,67,71,11,2.6
235,Black's Beach,32.89147257,-117.2559886,07:08 AM,05:57 PM,Patchy rain possible,62,67,71,11,2.6
236,La Jolla Shores,32.88563453,-117.2535424,07:08 AM,05:57 PM,Patchy rain possible,62,67,71,11,2.6
237,La Jolla Cove,32.85038249,-117.2730244,07:08 AM,05:57 PM,Patchy rain possible,62,67,71,11,2.6
238,Shell Beach,35.17215991,-120.70133,07:26 AM,06:07 PM,Partly cloudy,53,52,58,9,5.6
239,Children's Pool Beach,32.84769091,-117.2781184,07:08 AM,05:57 PM,Patchy rain possible,62,67,71,11,2.6
240,Marine Street Beach,32.83785649,-117.2816841,07:08 AM,05:57 PM,Patchy rain possible,62,67,71,11,2.6
241,Windansea Beach,32.83123002,-117.2813634,07:08 AM,05:57 PM,Patchy rain possible,62,67,71,11,2.6
242,La Jolla Strand Park,32.86158261,-117.2560868,07:08 AM,05:57 PM,Patchy rain possible,62,67,71,11,2.6
243,Tourmaline Surfing Park,32.80545903,-117.2625367,07:08 AM,05:57 PM,Patchy rain possible,62,67,76,11,2.6
244,Pacific Beach,32.79393428,-117.2568115,07:08 AM,05:57 PM,Patchy rain possible,62,67,76,11,2.6
245,Mission Beach,32.77304026,-117.25171,07:08 AM,05:57 PM,Patchy rain possible,62,67,76,11,2.6
246,Ocean Beach City Beach,32.74163262,-117.2544577,07:08 AM,05:57 PM,Patchy rain possible,62,67,76,11,2.6
247,Coronado Municipal Beach,32.68946424,-117.1868348,07:07 AM,05:57 PM,Patchy rain possible,62,67,76,12,3.0
248,Silver Strand State Beach,32.63466425,-117.1419929,07:07 AM,05:57 PM,Patchy rain possible,62,67,73,12,3.0
